IndicatorId,IndicatorName,IndicatorShortName,Source,SourceYear,Author,LocationId,Location,Iso2,Iso3,TimeId,Time,VariantId,Variant,SexId,Sex,AgeId,AgeStart,AgeEnd,Age,CategoryId,Category,EstimateTypeId,EstimateType,EstimateMethodId,EstimateMethod,Value
49,Total population by sex,Total population by sex,World Population Prospects,2022,United Nations Population Division,156,China,CN,CHN,41,1990,4,Median,3,Both sexes,188,0,-1,Total,0,Not applicable,1,Model-based Estimates,2,Interpolation,1153704253
49,Total population by sex,Total population by sex,World Population Prospects,2022,United Nations Population Division,156,China,CN,CHN,42,1991,4,Median,3,Both sexes,188,0,-1,Total,0,Not applicable,1,Model-based Estimates,2,Interpolation,1170626171
49,Total population by sex,Total population by sex,World Population Prospects,2022,United Nations Population Division,156,China,CN,CHN,43,1992,4,Median,3,Both sexes,188,0,-1,Total,0,Not applicable,1,Model-based Estimates,2,Interpolation,1183813389
49,Total population by sex,Total population by sex,World Population Prospects,2022,United Nations Population Division,156,China,CN,CHN,44,1993,4,Median,3,Both sexes,188,0,-1,Total,0,Not applicable,1,Model-based Estimates,2,Interpolation,1195855558
49,Total population by sex,Total population by sex,World Population Prospects,2022,United Nations Population Division,156,China,CN,CHN,45,1994,4,Median,3,Both sexes,188,0,-1,Total,0,Not applicable,1,Model-based Estimates,2,Interpolation,1207286675
49,Total population by sex,Total population by sex,World Population Prospects,2022,United Nations Population Division,156,China,CN,CHN,46,1995,4,Median,3,Both sexes,188,0,-1,Total,0,Not applicable,1,Model-based Estimates,2,Interpolation,1218144426
49,Total population by sex,Total population by sex,World Population Prospects,2022,United Nations Population Division,156,China,CN,CHN,47,1996,4,Median,3,Both sexes,188,0,-1,Total,0,Not applicable,1,Model-based Estimates,2,Interpolation,1228298836
49,Total population by sex,Total population by sex,World Population Prospects,2022,United Nations Population Division,156,China,CN,CHN,48,1997,4,Median,3,Both sexes,188,0,-1,Total,0,Not applicable,1,Model-based Estimates,2,Interpolation,1237801448
49,Total population by sex,Total population by sex,World Population Prospects,2022,United Nations Population Division,156,China,CN,CHN,49,1998,4,Median,3,Both sexes,188,0,-1,Total,0,Not applicable,1,Model-based Estimates,2,Interpolation,1246836105
49,Total population by sex,Total population by sex,World Population Prospects,2022,United Nations Population Division,156,China,CN,CHN,50,1999,4,Median,3,Both sexes,188,0,-1,Total,0,Not applicable,1,Model-based Estimates,2,Interpolation,1255433236
49,Total population by sex,Total population by sex,World Population Prospects,2022,United Nations Population Division,156,China,CN,CHN,51,2000,4,Median,3,Both sexes,188,0,-1,Total,0,Not applicable,1,Model-based Estimates,2,Interpolation,1264099069
49,Total population by sex,Total population by sex,World Population Prospects,2022,United Nations Population Division,156,China,CN,CHN,52,2001,4,Median,3,Both sexes,188,0,-1,Total,0,Not applicable,1,Model-based Estimates,2,Interpolation,1272739582
49,Total population by sex,Total population by sex,World Population Prospects,2022,United Nations Population Division,156,China,CN,CHN,53,2002,4,Median,3,Both sexes,188,0,-1,Total,0,Not applicable,1,Model-based Estimates,2,Interpolation,1280926121
49,Total population by sex,Total population by sex,World Population Prospects,2022,United Nations Population Division,156,China,CN,CHN,54,2003,4,Median,3,Both sexes,188,0,-1,Total,0,Not applicable,1,Model-based Estimates,2,Interpolation,1288873367
49,Total population by sex,Total population by sex,World Population Prospects,2022,United Nations Population Division,156,China,CN,CHN,55,2004,4,Median,3,Both sexes,188,0,-1,Total,0,Not applicable,1,Model-based Estimates,2,Interpolation,1296816711
49,Total population by sex,Total population by sex,World Population Prospects,2022,United Nations Population Division,156,China,CN,CHN,56,2005,4,Median,3,Both sexes,188,0,-1,Total,0,Not applicable,1,Model-based Estimates,2,Interpolation,1304887562
49,Total population by sex,Total population by sex,World Population Prospects,2022,United Nations Population Division,156,China,CN,CHN,57,2006,4,Median,3,Both sexes,188,0,-1,Total,0,Not applicable,1,Model-based Estimates,2,Interpolation,1313086568
49,Total population by sex,Total population by sex,World Population Prospects,2022,United Nations Population Division,156,China,CN,CHN,58,2007,4,Median,3,Both sexes,188,0,-1,Total,0,Not applicable,1,Model-based Estimates,2,Interpolation,1321513224
49,Total population by sex,Total population by sex,World Population Prospects,2022,United Nations Population Division,156,China,CN,CHN,59,2008,4,Median,3,Both sexes,188,0,-1,Total,0,Not applicable,1,Model-based Estimates,2,Interpolation,1330167149
49,Total population by sex,Total population by sex,World Population Prospects,2022,United Nations Population Division,156,China,CN,CHN,60,2009,4,Median,3,Both sexes,188,0,-1,Total,0,Not applicable,1,Model-based Estimates,2,Interpolation,1339125595
49,Total population by sex,Total population by sex,World Population Prospects,2022,United Nations Population Division,156,China,CN,CHN,61,2010,4,Median,3,Both sexes,188,0,-1,Total,0,Not applicable,1,Model-based Estimates,2,Interpolation,1348191368
49,Total population by sex,Total population by sex,World Population Prospects,2022,United Nations Population Division,156,China,CN,CHN,62,2011,4,Median,3,Both sexes,188,0,-1,Total,0,Not applicable,1,Model-based Estimates,2,Interpolation,1357095481
49,Total population by sex,Total population by sex,World Population Prospects,2022,United Nations Population Division,156,China,CN,CHN,63,2012,4,Median,3,Both sexes,188,0,-1,Total,0,Not applicable,1,Model-based Estimates,2,Interpolation,1366560818
49,Total population by sex,Total population by sex,World Population Prospects,2022,United Nations Population Division,156,China,CN,CHN,64,2013,4,Median,3,Both sexes,188,0,-1,Total,0,Not applicable,1,Model-based Estimates,2,Interpolation,1376100308
49,Total population by sex,Total population by sex,World Population Prospects,2022,United Nations Population Division,156,China,CN,CHN,65,2014,4,Median,3,Both sexes,188,0,-1,Total,0,Not applicable,1,Model-based Estimates,2,Interpolation,1385189669
49,Total population by sex,Total population by sex,World Population Prospects,2022,United Nations Population Division,156,China,CN,CHN,66,2015,4,Median,3,Both sexes,188,0,-1,Total,0,Not applicable,1,Model-based Estimates,2,Interpolation,1393715449
49,Total population by sex,Total population by sex,World Population Prospects,2022,United Nations Population Division,156,China,CN,CHN,67,2016,4,Median,3,Both sexes,188,0,-1,Total,0,Not applicable,1,Model-based Estimates,2,Interpolation,1401889681
49,Total population by sex,Total population by sex,World Population Prospects,2022,United Nations Population Division,156,China,CN,CHN,68,2017,4,Median,3,Both sexes,188,0,-1,Total,0,Not applicable,1,Model-based Estimates,2,Interpolation,1410275957
49,Total population by sex,Total population by sex,World Population Prospects,2022,United Nations Population Division,156,China,CN,CHN,69,2018,4,Median,3,Both sexes,188,0,-1,Total,0,Not applicable,1,Model-based Estimates,2,Interpolation,1417069469
49,Total population by sex,Total population by sex,World Population Prospects,2022,United Nations Population Division,156,China,CN,CHN,70,2019,4,Median,3,Both sexes,188,0,-1,Total,0,Not applicable,1,Model-based Estimates,2,Interpolation,1421864031
49,Total population by sex,Total population by sex,World Population Prospects,2022,United Nations Population Division,156,China,CN,CHN,71,2020,4,Median,3,Both sexes,188,0,-1,Total,0,Not applicable,1,Model-based Estimates,2,Interpolation,1424929781
49,Total population by sex,Total population by sex,World Population Prospects,2022,United Nations Population Division,156,China,CN,CHN,72,2021,4,Median,3,Both sexes,188,0,-1,Total,0,Not applicable,1,Model-based Estimates,2,Interpolation,1425893465
49,Total population by sex,Total population by sex,World Population Prospects,2022,United Nations Population Division,156,China,CN,CHN,73,2022,4,Median,3,Both sexes,188,0,-1,Total,0,Not applicable,1,Model-based Estimates,2,Interpolation,1425887337
49,Total population by sex,Total population by sex,World Population Prospects,2022,United Nations Population Division,156,China,CN,CHN,74,2023,4,Median,3,Both sexes,188,0,-1,Total,0,Not applicable,1,Model-based Estimates,3,Projection,1425671352
49,Total population by sex,Total population by sex,World Population Prospects,2022,United Nations Population Division,156,China,CN,CHN,75,2024,4,Median,3,Both sexes,188,0,-1,Total,0,Not applicable,1,Model-based Estimates,3,Projection,1425178783
49,Total population by sex,Total population by sex,World Population Prospects,2022,United Nations Population Division,156,China,CN,CHN,76,2025,4,Median,3,Both sexes,188,0,-1,Total,0,Not applicable,1,Model-based Estimates,3,Projection,1424381924
49,Total population by sex,Total population by sex,World Population Prospects,2022,United Nations Population Division,156,China,CN,CHN,77,2026,4,Median,3,Both sexes,188,0,-1,Total,0,Not applicable,1,Model-based Estimates,3,Projection,1423255202
49,Total population by sex,Total population by sex,World Population Prospects,2022,United Nations Population Division,156,China,CN,CHN,78,2027,4,Median,3,Both sexes,188,0,-1,Total,0,Not applicable,1,Model-based Estimates,3,Projection,1421809060
49,Total population by sex,Total population by sex,World Population Prospects,2022,United Nations Population Division,156,China,CN,CHN,79,2028,4,Median,3,Both sexes,188,0,-1,Total,0,Not applicable,1,Model-based Estimates,3,Projection,1420045580
49,Total population by sex,Total population by sex,World Population Prospects,2022,United Nations Population Division,156,China,CN,CHN,80,2029,4,Median,3,Both sexes,188,0,-1,Total,0,Not applicable,1,Model-based Estimates,3,Projection,1417974641
49,Total population by sex,Total population by sex,World Population Prospects,2022,United Nations Population Division,156,China,CN,CHN,81,2030,4,Median,3,Both sexes,188,0,-1,Total,0,Not applicable,1,Model-based Estimates,3,Projection,1415605906
49,Total population by sex,Total population by sex,World Population Prospects,2022,United Nations Population Division,156,China,CN,CHN,82,2031,4,Median,3,Both sexes,188,0,-1,Total,0,Not applicable,1,Model-based Estimates,3,Projection,1412946005
49,Total population by sex,Total population by sex,World Population Prospects,2022,United Nations Population Division,156,China,CN,CHN,83,2032,4,Median,3,Both sexes,188,0,-1,Total,0,Not applicable,1,Model-based Estimates,3,Projection,1410012866
49,Total population by sex,Total population by sex,World Population Prospects,2022,United Nations Population Division,156,China,CN,CHN,84,2033,4,Median,3,Both sexes,188,0,-1,Total,0,Not applicable,1,Model-based Estimates,3,Projection,1406810379
49,Total population by sex,Total population by sex,World Population Prospects,2022,United Nations Population Division,156,China,CN,CHN,85,2034,4,Median,3,Both sexes,188,0,-1,Total,0,Not applicable,1,Model-based Estimates,3,Projection,1403314815
49,Total population by sex,Total population by sex,World Population Prospects,2022,United Nations Population Division,156,China,CN,CHN,86,2035,4,Median,3,Both sexes,188,0,-1,Total,0,Not applicable,1,Model-based Estimates,3,Projection,1399547500
49,Total population by sex,Total population by sex,World Population Prospects,2022,United Nations Population Division,156,China,CN,CHN,87,2036,4,Median,3,Both sexes,188,0,-1,Total,0,Not applicable,1,Model-based Estimates,3,Projection,1395546723
49,Total population by sex,Total population by sex,World Population Prospects,2022,United Nations Population Division,156,China,CN,CHN,88,2037,4,Median,3,Both sexes,188,0,-1,Total,0,Not applicable,1,Model-based Estimates,3,Projection,1391338420
49,Total population by sex,Total population by sex,World Population Prospects,2022,United Nations Population Division,156,China,CN,CHN,89,2038,4,Median,3,Both sexes,188,0,-1,Total,0,Not applicable,1,Model-based Estimates,3,Projection,1386952007
49,Total population by sex,Total population by sex,World Population Prospects,2022,United Nations Population Division,156,China,CN,CHN,90,2039,4,Median,3,Both sexes,188,0,-1,Total,0,Not applicable,1,Model-based Estimates,3,Projection,1382367124
49,Total population by sex,Total population by sex,World Population Prospects,2022,United Nations Population Division,156,China,CN,CHN,91,2040,4,Median,3,Both sexes,188,0,-1,Total,0,Not applicable,1,Model-based Estimates,3,Projection,1377556939
49,Total population by sex,Total population by sex,World Population Prospects,2022,United Nations Population Division,156,China,CN,CHN,92,2041,4,Median,3,Both sexes,188,0,-1,Total,0,Not applicable,1,Model-based Estimates,3,Projection,1372522398
49,Total population by sex,Total population by sex,World Population Prospects,2022,United Nations Population Division,156,China,CN,CHN,93,2042,4,Median,3,Both sexes,188,0,-1,Total,0,Not applicable,1,Model-based Estimates,3,Projection,1367267105
49,Total population by sex,Total population by sex,World Population Prospects,2022,United Nations Population Division,156,China,CN,CHN,94,2043,4,Median,3,Both sexes,188,0,-1,Total,0,Not applicable,1,Model-based Estimates,3,Projection,1361737252
49,Total population by sex,Total population by sex,World Population Prospects,2022,United Nations Population Division,156,China,CN,CHN,95,2044,4,Median,3,Both sexes,188,0,-1,Total,0,Not applicable,1,Model-based Estimates,3,Projection,1355912820
49,Total population by sex,Total population by sex,World Population Prospects,2022,United Nations Population Division,156,China,CN,CHN,96,2045,4,Median,3,Both sexes,188,0,-1,Total,0,Not applicable,1,Model-based Estimates,3,Projection,1349756902
49,Total population by sex,Total population by sex,World Population Prospects,2022,United Nations Population Division,156,China,CN,CHN,97,2046,4,Median,3,Both sexes,188,0,-1,Total,0,Not applicable,1,Model-based Estimates,3,Projection,1343210240
49,Total population by sex,Total population by sex,World Population Prospects,2022,United Nations Population Division,156,China,CN,CHN,98,2047,4,Median,3,Both sexes,188,0,-1,Total,0,Not applicable,1,Model-based Estimates,3,Projection,1336262909
49,Total population by sex,Total population by sex,World Population Prospects,2022,United Nations Population Division,156,China,CN,CHN,99,2048,4,Median,3,Both sexes,188,0,-1,Total,0,Not applicable,1,Model-based Estimates,3,Projection,1328873608
49,Total population by sex,Total population by sex,World Population Prospects,2022,United Nations Population Division,156,China,CN,CHN,100,2049,4,Median,3,Both sexes,188,0,-1,Total,0,Not applicable,1,Model-based Estimates,3,Projection,1321004206
49,Total population by sex,Total population by sex,World Population Prospects,2022,United Nations Population Division,156,China,CN,CHN,101,2050,4,Median,3,Both sexes,188,0,-1,Total,0,Not applicable,1,Model-based Estimates,3,Projection,1312636325
49,Total population by sex,Total population by sex,World Population Prospects,2022,United Nations Population Division,156,China,CN,CHN,102,2051,4,Median,3,Both sexes,188,0,-1,Total,0,Not applicable,1,Model-based Estimates,3,Projection,1303756601
49,Total population by sex,Total population by sex,World Population Prospects,2022,United Nations Population Division,156,China,CN,CHN,103,2052,4,Median,3,Both sexes,188,0,-1,Total,0,Not applicable,1,Model-based Estimates,3,Projection,1294381091
49,Total population by sex,Total population by sex,World Population Prospects,2022,United Nations Population Division,156,China,CN,CHN,104,2053,4,Median,3,Both sexes,188,0,-1,Total,0,Not applicable,1,Model-based Estimates,3,Projection,1284539878
49,Total population by sex,Total population by sex,World Population Prospects,2022,United Nations Population Division,156,China,CN,CHN,105,2054,4,Median,3,Both sexes,188,0,-1,Total,0,Not applicable,1,Model-based Estimates,3,Projection,1274244756
49,Total population by sex,Total population by sex,World Population Prospects,2022,United Nations Population Division,156,China,CN,CHN,106,2055,4,Median,3,Both sexes,188,0,-1,Total,0,Not applicable,1,Model-based Estimates,3,Projection,1263512555
49,Total population by sex,Total population by sex,World Population Prospects,2022,United Nations Population Division,156,China,CN,CHN,107,2056,4,Median,3,Both sexes,188,0,-1,Total,0,Not applicable,1,Model-based Estimates,3,Projection,1252371990
49,Total population by sex,Total population by sex,World Population Prospects,2022,United Nations Population Division,156,China,CN,CHN,108,2057,4,Median,3,Both sexes,188,0,-1,Total,0,Not applicable,1,Model-based Estimates,3,Projection,1240879992
49,Total population by sex,Total population by sex,World Population Prospects,2022,United Nations Population Division,156,China,CN,CHN,109,2058,4,Median,3,Both sexes,188,0,-1,Total,0,Not applicable,1,Model-based Estimates,3,Projection,1229126156
49,Total population by sex,Total population by sex,World Population Prospects,2022,United Nations Population Division,156,China,CN,CHN,110,2059,4,Median,3,Both sexes,188,0,-1,Total,0,Not applicable,1,Model-based Estimates,3,Projection,1217157937
49,Total population by sex,Total population by sex,World Population Prospects,2022,United Nations Population Division,156,China,CN,CHN,111,2060,4,Median,3,Both sexes,188,0,-1,Total,0,Not applicable,1,Model-based Estimates,3,Projection,1205020651
49,Total population by sex,Total population by sex,World Population Prospects,2022,United Nations Population Division,156,China,CN,CHN,112,2061,4,Median,3,Both sexes,188,0,-1,Total,0,Not applicable,1,Model-based Estimates,3,Projection,1192805228
49,Total population by sex,Total population by sex,World Population Prospects,2022,United Nations Population Division,156,China,CN,CHN,113,2062,4,Median,3,Both sexes,188,0,-1,Total,0,Not applicable,1,Model-based Estimates,3,Projection,1180553369
49,Total population by sex,Total population by sex,World Population Prospects,2022,United Nations Population Division,156,China,CN,CHN,114,2063,4,Median,3,Both sexes,188,0,-1,Total,0,Not applicable,1,Model-based Estimates,3,Projection,1168316258
49,Total population by sex,Total population by sex,World Population Prospects,2022,United Nations Population Division,156,China,CN,CHN,115,2064,4,Median,3,Both sexes,188,0,-1,Total,0,Not applicable,1,Model-based Estimates,3,Projection,1156145639
49,Total population by sex,Total population by sex,World Population Prospects,2022,United Nations Population Division,156,China,CN,CHN,116,2065,4,Median,3,Both sexes,188,0,-1,Total,0,Not applicable,1,Model-based Estimates,3,Projection,1144050918
49,Total population by sex,Total population by sex,World Population Prospects,2022,United Nations Population Division,156,China,CN,CHN,117,2066,4,Median,3,Both sexes,188,0,-1,Total,0,Not applicable,1,Model-based Estimates,3,Projection,1132053398
49,Total population by sex,Total population by sex,World Population Prospects,2022,United Nations Population Division,156,China,CN,CHN,118,2067,4,Median,3,Both sexes,188,0,-1,Total,0,Not applicable,1,Model-based Estimates,3,Projection,1120182122
49,Total population by sex,Total population by sex,World Population Prospects,2022,United Nations Population Division,156,China,CN,CHN,119,2068,4,Median,3,Both sexes,188,0,-1,Total,0,Not applicable,1,Model-based Estimates,3,Projection,1108424585
49,Total population by sex,Total population by sex,World Population Prospects,2022,United Nations Population Division,156,China,CN,CHN,120,2069,4,Median,3,Both sexes,188,0,-1,Total,0,Not applicable,1,Model-based Estimates,3,Projection,1096787141
49,Total population by sex,Total population by sex,World Population Prospects,2022,United Nations Population Division,156,China,CN,CHN,121,2070,4,Median,3,Both sexes,188,0,-1,Total,0,Not applicable,1,Model-based Estimates,3,Projection,1085287617
49,Total population by sex,Total population by sex,World Population Prospects,2022,United Nations Population Division,156,China,CN,CHN,122,2071,4,Median,3,Both sexes,188,0,-1,Total,0,Not applicable,1,Model-based Estimates,3,Projection,1073902382
49,Total population by sex,Total population by sex,World Population Prospects,2022,United Nations Population Division,156,China,CN,CHN,123,2072,4,Median,3,Both sexes,188,0,-1,Total,0,Not applicable,1,Model-based Estimates,3,Projection,1062612890
49,Total population by sex,Total population by sex,World Population Prospects,2022,United Nations Population Division,156,China,CN,CHN,124,2073,4,Median,3,Both sexes,188,0,-1,Total,0,Not applicable,1,Model-based Estimates,3,Projection,1051380906
49,Total population by sex,Total population by sex,World Population Prospects,2022,United Nations Population Division,156,China,CN,CHN,125,2074,4,Median,3,Both sexes,188,0,-1,Total,0,Not applicable,1,Model-based Estimates,3,Projection,1040194852
49,Total population by sex,Total population by sex,World Population Prospects,2022,United Nations Population Division,156,China,CN,CHN,126,2075,4,Median,3,Both sexes,188,0,-1,Total,0,Not applicable,1,Model-based Estimates,3,Projection,1029035605
49,Total population by sex,Total population by sex,World Population Prospects,2022,United Nations Population Division,156,China,CN,CHN,127,2076,4,Median,3,Both sexes,188,0,-1,Total,0,Not applicable,1,Model-based Estimates,3,Projection,1017860468
49,Total population by sex,Total population by sex,World Population Prospects,2022,United Nations Population Division,156,China,CN,CHN,128,2077,4,Median,3,Both sexes,188,0,-1,Total,0,Not applicable,1,Model-based Estimates,3,Projection,1006663149
49,Total population by sex,Total population by sex,World Population Prospects,2022,United Nations Population Division,156,China,CN,CHN,129,2078,4,Median,3,Both sexes,188,0,-1,Total,0,Not applicable,1,Model-based Estimates,3,Projection,995438006
49,Total population by sex,Total population by sex,World Population Prospects,2022,United Nations Population Division,156,China,CN,CHN,130,2079,4,Median,3,Both sexes,188,0,-1,Total,0,Not applicable,1,Model-based Estimates,3,Projection,984185394
49,Total population by sex,Total population by sex,World Population Prospects,2022,United Nations Population Division,156,China,CN,CHN,131,2080,4,Median,3,Both sexes,188,0,-1,Total,0,Not applicable,1,Model-based Estimates,3,Projection,972906892
49,Total population by sex,Total population by sex,World Population Prospects,2022,United Nations Population Division,156,China,CN,CHN,132,2081,4,Median,3,Both sexes,188,0,-1,Total,0,Not applicable,1,Model-based Estimates,3,Projection,961612986
49,Total population by sex,Total population by sex,World Population Prospects,2022,United Nations Population Division,156,China,CN,CHN,133,2082,4,Median,3,Both sexes,188,0,-1,Total,0,Not applicable,1,Model-based Estimates,3,Projection,950338414
49,Total population by sex,Total population by sex,World Population Prospects,2022,United Nations Population Division,156,China,CN,CHN,134,2083,4,Median,3,Both sexes,188,0,-1,Total,0,Not applicable,1,Model-based Estimates,3,Projection,939100122
49,Total population by sex,Total population by sex,World Population Prospects,2022,United Nations Population Division,156,China,CN,CHN,135,2084,4,Median,3,Both sexes,188,0,-1,Total,0,Not applicable,1,Model-based Estimates,3,Projection,927912386
49,Total population by sex,Total population by sex,World Population Prospects,2022,United Nations Population Division,156,China,CN,CHN,136,2085,4,Median,3,Both sexes,188,0,-1,Total,0,Not applicable,1,Model-based Estimates,3,Projection,916808802
49,Total population by sex,Total population by sex,World Population Prospects,2022,United Nations Population Division,156,China,CN,CHN,137,2086,4,Median,3,Both sexes,188,0,-1,Total,0,Not applicable,1,Model-based Estimates,3,Projection,905821025
49,Total population by sex,Total population by sex,World Population Prospects,2022,United Nations Population Division,156,China,CN,CHN,138,2087,4,Median,3,Both sexes,188,0,-1,Total,0,Not applicable,1,Model-based Estimates,3,Projection,894960253
49,Total population by sex,Total population by sex,World Population Prospects,2022,United Nations Population Division,156,China,CN,CHN,139,2088,4,Median,3,Both sexes,188,0,-1,Total,0,Not applicable,1,Model-based Estimates,3,Projection,884243881
49,Total population by sex,Total population by sex,World Population Prospects,2022,United Nations Population Division,156,China,CN,CHN,140,2089,4,Median,3,Both sexes,188,0,-1,Total,0,Not applicable,1,Model-based Estimates,3,Projection,873694710
49,Total population by sex,Total population by sex,World Population Prospects,2022,United Nations Population Division,156,China,CN,CHN,141,2090,4,Median,3,Both sexes,188,0,-1,Total,0,Not applicable,1,Model-based Estimates,3,Projection,863319536
49,Total population by sex,Total population by sex,World Population Prospects,2022,United Nations Population Division,156,China,CN,CHN,142,2091,4,Median,3,Both sexes,188,0,-1,Total,0,Not applicable,1,Model-based Estimates,3,Projection,853111777
49,Total population by sex,Total population by sex,World Population Prospects,2022,United Nations Population Division,156,China,CN,CHN,143,2092,4,Median,3,Both sexes,188,0,-1,Total,0,Not applicable,1,Model-based Estimates,3,Projection,843067033
49,Total population by sex,Total population by sex,World Population Prospects,2022,United Nations Population Division,156,China,CN,CHN,144,2093,4,Median,3,Both sexes,188,0,-1,Total,0,Not applicable,1,Model-based Estimates,3,Projection,833162188
49,Total population by sex,Total population by sex,World Population Prospects,2022,United Nations Population Division,156,China,CN,CHN,145,2094,4,Median,3,Both sexes,188,0,-1,Total,0,Not applicable,1,Model-based Estimates,3,Projection,823380979
49,Total population by sex,Total population by sex,World Population Prospects,2022,United Nations Population Division,156,China,CN,CHN,146,2095,4,Median,3,Both sexes,188,0,-1,Total,0,Not applicable,1,Model-based Estimates,3,Projection,813718728
49,Total population by sex,Total population by sex,World Population Prospects,2022,United Nations Population Division,156,China,CN,CHN,147,2096,4,Median,3,Both sexes,188,0,-1,Total,0,Not applicable,1,Model-based Estimates,3,Projection,804153594
49,Total population by sex,Total population by sex,World Population Prospects,2022,United Nations Population Division,156,China,CN,CHN,148,2097,4,Median,3,Both sexes,188,0,-1,Total,0,Not applicable,1,Model-based Estimates,3,Projection,794673479
49,Total population by sex,Total population by sex,World Population Prospects,2022,United Nations Population Division,156,China,CN,CHN,149,2098,4,Median,3,Both sexes,188,0,-1,Total,0,Not applicable,1,Model-based Estimates,3,Projection,785270315
49,Total population by sex,Total population by sex,World Population Prospects,2022,United Nations Population Division,156,China,CN,CHN,150,2099,4,Median,3,Both sexes,188,0,-1,Total,0,Not applicable,1,Model-based Estimates,3,Projection,775944429
49,Total population by sex,Total population by sex,World Population Prospects,2022,United Nations Population Division,156,China,CN,CHN,151,2100,4,Median,3,Both sexes,188,0,-1,Total,0,Not applicable,1,Model-based Estimates,3,Projection,766673270
49,Total population by sex,Total population by sex,World Population Prospects,2022,United Nations Population Division,356,India,IN,IND,41,1990,4,Median,3,Both sexes,188,0,-1,Total,0,Not applicable,1,Model-based Estimates,2,Interpolation,870452165
49,Total population by sex,Total population by sex,World Population Prospects,2022,United Nations Population Division,356,India,IN,IND,42,1991,4,Median,3,Both sexes,188,0,-1,Total,0,Not applicable,1,Model-based Estimates,2,Interpolation,888941756
49,Total population by sex,Total population by sex,World Population Prospects,2022,United Nations Population Division,356,India,IN,IND,43,1992,4,Median,3,Both sexes,188,0,-1,Total,0,Not applicable,1,Model-based Estimates,2,Interpolation,907574049
49,Total population by sex,Total population by sex,World Population Prospects,2022,United Nations Population Division,356,India,IN,IND,44,1993,4,Median,3,Both sexes,188,0,-1,Total,0,Not applicable,1,Model-based Estimates,2,Interpolation,926351297
49,Total population by sex,Total population by sex,World Population Prospects,2022,United Nations Population Division,356,India,IN,IND,45,1994,4,Median,3,Both sexes,188,0,-1,Total,0,Not applicable,1,Model-based Estimates,2,Interpolation,945261959
49,Total population by sex,Total population by sex,World Population Prospects,2022,United Nations Population Division,356,India,IN,IND,46,1995,4,Median,3,Both sexes,188,0,-1,Total,0,Not applicable,1,Model-based Estimates,2,Interpolation,964279129
49,Total population by sex,Total population by sex,World Population Prospects,2022,United Nations Population Division,356,India,IN,IND,47,1996,4,Median,3,Both sexes,188,0,-1,Total,0,Not applicable,1,Model-based Estimates,2,Interpolation,983281218
49,Total population by sex,Total population by sex,World Population Prospects,2022,United Nations Population Division,356,India,IN,IND,48,1997,4,Median,3,Both sexes,188,0,-1,Total,0,Not applicable,1,Model-based Estimates,2,Interpolation,1002335231
49,Total population by sex,Total population by sex,World Population Prospects,2022,United Nations Population Division,356,India,IN,IND,49,1998,4,Median,3,Both sexes,188,0,-1,Total,0,Not applicable,1,Model-based Estimates,2,Interpolation,1021434576
49,Total population by sex,Total population by sex,World Population Prospects,2022,United Nations Population Division,356,India,IN,IND,50,1999,4,Median,3,Both sexes,188,0,-1,Total,0,Not applicable,1,Model-based Estimates,2,Interpolation,1040500054
49,Total population by sex,Total population by sex,World Population Prospects,2022,United Nations Population Division,356,India,IN,IND,51,2000,4,Median,3,Both sexes,188,0,-1,Total,0,Not applicable,1,Model-based Estimates,2,Interpolation,1059633675
49,Total population by sex,Total population by sex,World Population Prospects,2022,United Nations Population Division,356,India,IN,IND,52,2001,4,Median,3,Both sexes,188,0,-1,Total,0,Not applicable,1,Model-based Estimates,2,Interpolation,1078970907
49,Total population by sex,Total population by sex,World Population Prospects,2022,United Nations Population Division,356,India,IN,IND,53,2002,4,Median,3,Both sexes,188,0,-1,Total,0,Not applicable,1,Model-based Estimates,2,Interpolation,1098313039
49,Total population by sex,Total population by sex,World Population Prospects,2022,United Nations Population Division,356,India,IN,IND,54,2003,4,Median,3,Both sexes,188,0,-1,Total,0,Not applicable,1,Model-based Estimates,2,Interpolation,1117415124
49,Total population by sex,Total population by sex,World Population Prospects,2022,United Nations Population Division,356,India,IN,IND,55,2004,4,Median,3,Both sexes,188,0,-1,Total,0,Not applicable,1,Model-based Estimates,2,Interpolation,1136264583
49,Total population by sex,Total population by sex,World Population Prospects,2022,United Nations Population Division,356,India,IN,IND,56,2005,4,Median,3,Both sexes,188,0,-1,Total,0,Not applicable,1,Model-based Estimates,2,Interpolation,1154638713
49,Total population by sex,Total population by sex,World Population Prospects,2022,United Nations Population Division,356,India,IN,IND,57,2006,4,Median,3,Both sexes,188,0,-1,Total,0,Not applicable,1,Model-based Estimates,2,Interpolation,1172373788
49,Total population by sex,Total population by sex,World Population Prospects,2022,United Nations Population Division,356,India,IN,IND,58,2007,4,Median,3,Both sexes,188,0,-1,Total,0,Not applicable,1,Model-based Estimates,2,Interpolation,1189691810
49,Total population by sex,Total population by sex,World Population Prospects,2022,United Nations Population Division,356,India,IN,IND,59,2008,4,Median,3,Both sexes,188,0,-1,Total,0,Not applicable,1,Model-based Estimates,2,Interpolation,1206734806
49,Total population by sex,Total population by sex,World Population Prospects,2022,United Nations Population Division,356,India,IN,IND,60,2009,4,Median,3,Both sexes,188,0,-1,Total,0,Not applicable,1,Model-based Estimates,2,Interpolation,1223640160
49,Total population by sex,Total population by sex,World Population Prospects,2022,United Nations Population Division,356,India,IN,IND,61,2010,4,Median,3,Both sexes,188,0,-1,Total,0,Not applicable,1,Model-based Estimates,2,Interpolation,1240613620
49,Total population by sex,Total population by sex,World Population Prospects,2022,United Nations Population Division,356,India,IN,IND,62,2011,4,Median,3,Both sexes,188,0,-1,Total,0,Not applicable,1,Model-based Estimates,2,Interpolation,1257621191
49,Total population by sex,Total population by sex,World Population Prospects,2022,United Nations Population Division,356,India,IN,IND,63,2012,4,Median,3,Both sexes,188,0,-1,Total,0,Not applicable,1,Model-based Estimates,2,Interpolation,1274487215
49,Total population by sex,Total population by sex,World Population Prospects,2022,United Nations Population Division,356,India,IN,IND,64,2013,4,Median,3,Both sexes,188,0,-1,Total,0,Not applicable,1,Model-based Estimates,2,Interpolation,1291132064
49,Total population by sex,Total population by sex,World Population Prospects,2022,United Nations Population Division,356,India,IN,IND,65,2014,4,Median,3,Both sexes,188,0,-1,Total,0,Not applicable,1,Model-based Estimates,2,Interpolation,1307246509
49,Total population by sex,Total population by sex,World Population Prospects,2022,United Nations Population Division,356,India,IN,IND,66,2015,4,Median,3,Both sexes,188,0,-1,Total,0,Not applicable,1,Model-based Estimates,2,Interpolation,1322866505
49,Total population by sex,Total population by sex,World Population Prospects,2022,United Nations Population Division,356,India,IN,IND,67,2016,4,Median,3,Both sexes,188,0,-1,Total,0,Not applicable,1,Model-based Estimates,2,Interpolation,1338636340
49,Total population by sex,Total population by sex,World Population Prospects,2022,United Nations Population Division,356,India,IN,IND,68,2017,4,Median,3,Both sexes,188,0,-1,Total,0,Not applicable,1,Model-based Estimates,2,Interpolation,1354195680
49,Total population by sex,Total population by sex,World Population Prospects,2022,United Nations Population Division,356,India,IN,IND,69,2018,4,Median,3,Both sexes,188,0,-1,Total,0,Not applicable,1,Model-based Estimates,2,Interpolation,1369003307
49,Total population by sex,Total population by sex,World Population Prospects,2022,United Nations Population Division,356,India,IN,IND,70,2019,4,Median,3,Both sexes,188,0,-1,Total,0,Not applicable,1,Model-based Estimates,2,Interpolation,1383112051
49,Total population by sex,Total population by sex,World Population Prospects,2022,United Nations Population Division,356,India,IN,IND,71,2020,4,Median,3,Both sexes,188,0,-1,Total,0,Not applicable,1,Model-based Estimates,2,Interpolation,1396387127
49,Total population by sex,Total population by sex,World Population Prospects,2022,United Nations Population Division,356,India,IN,IND,72,2021,4,Median,3,Both sexes,188,0,-1,Total,0,Not applicable,1,Model-based Estimates,2,Interpolation,1407563842
49,Total population by sex,Total population by sex,World Population Prospects,2022,United Nations Population Division,356,India,IN,IND,73,2022,4,Median,3,Both sexes,188,0,-1,Total,0,Not applicable,1,Model-based Estimates,2,Interpolation,1417173173
49,Total population by sex,Total population by sex,World Population Prospects,2022,United Nations Population Division,356,India,IN,IND,74,2023,4,Median,3,Both sexes,188,0,-1,Total,0,Not applicable,1,Model-based Estimates,3,Projection,1428627663
49,Total population by sex,Total population by sex,World Population Prospects,2022,United Nations Population Division,356,India,IN,IND,75,2024,4,Median,3,Both sexes,188,0,-1,Total,0,Not applicable,1,Model-based Estimates,3,Projection,1441719852
49,Total population by sex,Total population by sex,World Population Prospects,2022,United Nations Population Division,356,India,IN,IND,76,2025,4,Median,3,Both sexes,188,0,-1,Total,0,Not applicable,1,Model-based Estimates,3,Projection,1454606724
49,Total population by sex,Total population by sex,World Population Prospects,2022,United Nations Population Division,356,India,IN,IND,77,2026,4,Median,3,Both sexes,188,0,-1,Total,0,Not applicable,1,Model-based Estimates,3,Projection,1467231210
49,Total population by sex,Total population by sex,World Population Prospects,2022,United Nations Population Division,356,India,IN,IND,78,2027,4,Median,3,Both sexes,188,0,-1,Total,0,Not applicable,1,Model-based Estimates,3,Projection,1479578522
49,Total population by sex,Total population by sex,World Population Prospects,2022,United Nations Population Division,356,India,IN,IND,79,2028,4,Median,3,Both sexes,188,0,-1,Total,0,Not applicable,1,Model-based Estimates,3,Projection,1491671050
49,Total population by sex,Total population by sex,World Population Prospects,2022,United Nations Population Division,356,India,IN,IND,80,2029,4,Median,3,Both sexes,188,0,-1,Total,0,Not applicable,1,Model-based Estimates,3,Projection,1503470598
49,Total population by sex,Total population by sex,World Population Prospects,2022,United Nations Population Division,356,India,IN,IND,81,2030,4,Median,3,Both sexes,188,0,-1,Total,0,Not applicable,1,Model-based Estimates,3,Projection,1514994081
49,Total population by sex,Total population by sex,World Population Prospects,2022,United Nations Population Division,356,India,IN,IND,82,2031,4,Median,3,Both sexes,188,0,-1,Total,0,Not applicable,1,Model-based Estimates,3,Projection,1526208890
49,Total population by sex,Total population by sex,World Population Prospects,2022,United Nations Population Division,356,India,IN,IND,83,2032,4,Median,3,Both sexes,188,0,-1,Total,0,Not applicable,1,Model-based Estimates,3,Projection,1537108035
49,Total population by sex,Total population by sex,World Population Prospects,2022,United Nations Population Division,356,India,IN,IND,84,2033,4,Median,3,Both sexes,188,0,-1,Total,0,Not applicable,1,Model-based Estimates,3,Projection,1547689835
49,Total population by sex,Total population by sex,World Population Prospects,2022,United Nations Population Division,356,India,IN,IND,85,2034,4,Median,3,Both sexes,188,0,-1,Total,0,Not applicable,1,Model-based Estimates,3,Projection,1557919806
49,Total population by sex,Total population by sex,World Population Prospects,2022,United Nations Population Division,356,India,IN,IND,86,2035,4,Median,3,Both sexes,188,0,-1,Total,0,Not applicable,1,Model-based Estimates,3,Projection,1567802260
49,Total population by sex,Total population by sex,World Population Prospects,2022,United Nations Population Division,356,India,IN,IND,87,2036,4,Median,3,Both sexes,188,0,-1,Total,0,Not applicable,1,Model-based Estimates,3,Projection,1577302813
49,Total population by sex,Total population by sex,World Population Prospects,2022,United Nations Population Division,356,India,IN,IND,88,2037,4,Median,3,Both sexes,188,0,-1,Total,0,Not applicable,1,Model-based Estimates,3,Projection,1586438621
49,Total population by sex,Total population by sex,World Population Prospects,2022,United Nations Population Division,356,India,IN,IND,89,2038,4,Median,3,Both sexes,188,0,-1,Total,0,Not applicable,1,Model-based Estimates,3,Projection,1595245783
49,Total population by sex,Total population by sex,World Population Prospects,2022,United Nations Population Division,356,India,IN,IND,90,2039,4,Median,3,Both sexes,188,0,-1,Total,0,Not applicable,1,Model-based Estimates,3,Projection,1603664860
49,Total population by sex,Total population by sex,World Population Prospects,2022,United Nations Population Division,356,India,IN,IND,91,2040,4,Median,3,Both sexes,188,0,-1,Total,0,Not applicable,1,Model-based Estimates,3,Projection,1611676333
49,Total population by sex,Total population by sex,World Population Prospects,2022,United Nations Population Division,356,India,IN,IND,92,2041,4,Median,3,Both sexes,188,0,-1,Total,0,Not applicable,1,Model-based Estimates,3,Projection,1619318361
49,Total population by sex,Total population by sex,World Population Prospects,2022,United Nations Population Division,356,India,IN,IND,93,2042,4,Median,3,Both sexes,188,0,-1,Total,0,Not applicable,1,Model-based Estimates,3,Projection,1626585378
49,Total population by sex,Total population by sex,World Population Prospects,2022,United Nations Population Division,356,India,IN,IND,94,2043,4,Median,3,Both sexes,188,0,-1,Total,0,Not applicable,1,Model-based Estimates,3,Projection,1633430529
49,Total population by sex,Total population by sex,World Population Prospects,2022,United Nations Population Division,356,India,IN,IND,95,2044,4,Median,3,Both sexes,188,0,-1,Total,0,Not applicable,1,Model-based Estimates,3,Projection,1639837771
49,Total population by sex,Total population by sex,World Population Prospects,2022,United Nations Population Division,356,India,IN,IND,96,2045,4,Median,3,Both sexes,188,0,-1,Total,0,Not applicable,1,Model-based Estimates,3,Projection,1645863187
49,Total population by sex,Total population by sex,World Population Prospects,2022,United Nations Population Division,356,India,IN,IND,97,2046,4,Median,3,Both sexes,188,0,-1,Total,0,Not applicable,1,Model-based Estimates,3,Projection,1651513759
49,Total population by sex,Total population by sex,World Population Prospects,2022,United Nations Population Division,356,India,IN,IND,98,2047,4,Median,3,Both sexes,188,0,-1,Total,0,Not applicable,1,Model-based Estimates,3,Projection,1656777045
49,Total population by sex,Total population by sex,World Population Prospects,2022,United Nations Population Division,356,India,IN,IND,99,2048,4,Median,3,Both sexes,188,0,-1,Total,0,Not applicable,1,Model-based Estimates,3,Projection,1661705662
49,Total population by sex,Total population by sex,World Population Prospects,2022,United Nations Population Division,356,India,IN,IND,100,2049,4,Median,3,Both sexes,188,0,-1,Total,0,Not applicable,1,Model-based Estimates,3,Projection,1666284995
49,Total population by sex,Total population by sex,World Population Prospects,2022,United Nations Population Division,356,India,IN,IND,101,2050,4,Median,3,Both sexes,188,0,-1,Total,0,Not applicable,1,Model-based Estimates,3,Projection,1670490596
49,Total population by sex,Total population by sex,World Population Prospects,2022,United Nations Population Division,356,India,IN,IND,102,2051,4,Median,3,Both sexes,188,0,-1,Total,0,Not applicable,1,Model-based Estimates,3,Projection,1674343633
49,Total population by sex,Total population by sex,World Population Prospects,2022,United Nations Population Division,356,India,IN,IND,103,2052,4,Median,3,Both sexes,188,0,-1,Total,0,Not applicable,1,Model-based Estimates,3,Projection,1677872877
49,Total population by sex,Total population by sex,World Population Prospects,2022,United Nations Population Division,356,India,IN,IND,104,2053,4,Median,3,Both sexes,188,0,-1,Total,0,Not applicable,1,Model-based Estimates,3,Projection,1681073169
49,Total population by sex,Total population by sex,World Population Prospects,2022,United Nations Population Division,356,India,IN,IND,105,2054,4,Median,3,Both sexes,188,0,-1,Total,0,Not applicable,1,Model-based Estimates,3,Projection,1683955037
49,Total population by sex,Total population by sex,World Population Prospects,2022,United Nations Population Division,356,India,IN,IND,106,2055,4,Median,3,Both sexes,188,0,-1,Total,0,Not applicable,1,Model-based Estimates,3,Projection,1686563352
49,Total population by sex,Total population by sex,World Population Prospects,2022,United Nations Population Division,356,India,IN,IND,107,2056,4,Median,3,Both sexes,188,0,-1,Total,0,Not applicable,1,Model-based Estimates,3,Projection,1688894376
49,Total population by sex,Total population by sex,World Population Prospects,2022,United Nations Population Division,356,India,IN,IND,108,2057,4,Median,3,Both sexes,188,0,-1,Total,0,Not applicable,1,Model-based Estimates,3,Projection,1690942717
49,Total population by sex,Total population by sex,World Population Prospects,2022,United Nations Population Division,356,India,IN,IND,109,2058,4,Median,3,Both sexes,188,0,-1,Total,0,Not applicable,1,Model-based Estimates,3,Projection,1692704324
49,Total population by sex,Total population by sex,World Population Prospects,2022,United Nations Population Division,356,India,IN,IND,110,2059,4,Median,3,Both sexes,188,0,-1,Total,0,Not applicable,1,Model-based Estimates,3,Projection,1694150261
49,Total population by sex,Total population by sex,World Population Prospects,2022,United Nations Population Division,356,India,IN,IND,111,2060,4,Median,3,Both sexes,188,0,-1,Total,0,Not applicable,1,Model-based Estimates,3,Projection,1695285497
49,Total population by sex,Total population by sex,World Population Prospects,2022,United Nations Population Division,356,India,IN,IND,112,2061,4,Median,3,Both sexes,188,0,-1,Total,0,Not applicable,1,Model-based Estimates,3,Projection,1696121514
49,Total population by sex,Total population by sex,World Population Prospects,2022,United Nations Population Division,356,India,IN,IND,113,2062,4,Median,3,Both sexes,188,0,-1,Total,0,Not applicable,1,Model-based Estimates,3,Projection,1696684915
49,Total population by sex,Total population by sex,World Population Prospects,2022,United Nations Population Division,356,India,IN,IND,114,2063,4,Median,3,Both sexes,188,0,-1,Total,0,Not applicable,1,Model-based Estimates,3,Projection,1696976687
49,Total population by sex,Total population by sex,World Population Prospects,2022,United Nations Population Division,356,India,IN,IND,115,2064,4,Median,3,Both sexes,188,0,-1,Total,0,Not applicable,1,Model-based Estimates,3,Projection,1696961377
49,Total population by sex,Total population by sex,World Population Prospects,2022,United Nations Population Division,356,India,IN,IND,116,2065,4,Median,3,Both sexes,188,0,-1,Total,0,Not applicable,1,Model-based Estimates,3,Projection,1696634194
49,Total population by sex,Total population by sex,World Population Prospects,2022,United Nations Population Division,356,India,IN,IND,117,2066,4,Median,3,Both sexes,188,0,-1,Total,0,Not applicable,1,Model-based Estimates,3,Projection,1695973647
49,Total population by sex,Total population by sex,World Population Prospects,2022,United Nations Population Division,356,India,IN,IND,118,2067,4,Median,3,Both sexes,188,0,-1,Total,0,Not applicable,1,Model-based Estimates,3,Projection,1694997002
49,Total population by sex,Total population by sex,World Population Prospects,2022,United Nations Population Division,356,India,IN,IND,119,2068,4,Median,3,Both sexes,188,0,-1,Total,0,Not applicable,1,Model-based Estimates,3,Projection,1693712649
49,Total population by sex,Total population by sex,World Population Prospects,2022,United Nations Population Division,356,India,IN,IND,120,2069,4,Median,3,Both sexes,188,0,-1,Total,0,Not applicable,1,Model-based Estimates,3,Projection,1692129032
49,Total population by sex,Total population by sex,World Population Prospects,2022,United Nations Population Division,356,India,IN,IND,121,2070,4,Median,3,Both sexes,188,0,-1,Total,0,Not applicable,1,Model-based Estimates,3,Projection,1690230783
49,Total population by sex,Total population by sex,World Population Prospects,2022,United Nations Population Division,356,India,IN,IND,122,2071,4,Median,3,Both sexes,188,0,-1,Total,0,Not applicable,1,Model-based Estimates,3,Projection,1687990291
49,Total population by sex,Total population by sex,World Population Prospects,2022,United Nations Population Division,356,India,IN,IND,123,2072,4,Median,3,Both sexes,188,0,-1,Total,0,Not applicable,1,Model-based Estimates,3,Projection,1685415100
49,Total population by sex,Total population by sex,World Population Prospects,2022,United Nations Population Division,356,India,IN,IND,124,2073,4,Median,3,Both sexes,188,0,-1,Total,0,Not applicable,1,Model-based Estimates,3,Projection,1682564510
49,Total population by sex,Total population by sex,World Population Prospects,2022,United Nations Population Division,356,India,IN,IND,125,2074,4,Median,3,Both sexes,188,0,-1,Total,0,Not applicable,1,Model-based Estimates,3,Projection,1679449251
49,Total population by sex,Total population by sex,World Population Prospects,2022,United Nations Population Division,356,India,IN,IND,126,2075,4,Median,3,Both sexes,188,0,-1,Total,0,Not applicable,1,Model-based Estimates,3,Projection,1676034859
49,Total population by sex,Total population by sex,World Population Prospects,2022,United Nations Population Division,356,India,IN,IND,127,2076,4,Median,3,Both sexes,188,0,-1,Total,0,Not applicable,1,Model-based Estimates,3,Projection,1672328379
49,Total population by sex,Total population by sex,World Population Prospects,2022,United Nations Population Division,356,India,IN,IND,128,2077,4,Median,3,Both sexes,188,0,-1,Total,0,Not applicable,1,Model-based Estimates,3,Projection,1668352090
49,Total population by sex,Total population by sex,World Population Prospects,2022,United Nations Population Division,356,India,IN,IND,129,2078,4,Median,3,Both sexes,188,0,-1,Total,0,Not applicable,1,Model-based Estimates,3,Projection,1664100421
49,Total population by sex,Total population by sex,World Population Prospects,2022,United Nations Population Division,356,India,IN,IND,130,2079,4,Median,3,Both sexes,188,0,-1,Total,0,Not applicable,1,Model-based Estimates,3,Projection,1659592793
49,Total population by sex,Total population by sex,World Population Prospects,2022,United Nations Population Division,356,India,IN,IND,131,2080,4,Median,3,Both sexes,188,0,-1,Total,0,Not applicable,1,Model-based Estimates,3,Projection,1654856932
49,Total population by sex,Total population by sex,World Population Prospects,2022,United Nations Population Division,356,India,IN,IND,132,2081,4,Median,3,Both sexes,188,0,-1,Total,0,Not applicable,1,Model-based Estimates,3,Projection,1649862776
49,Total population by sex,Total population by sex,World Population Prospects,2022,United Nations Population Division,356,India,IN,IND,133,2082,4,Median,3,Both sexes,188,0,-1,Total,0,Not applicable,1,Model-based Estimates,3,Projection,1644678017
49,Total population by sex,Total population by sex,World Population Prospects,2022,United Nations Population Division,356,India,IN,IND,134,2083,4,Median,3,Both sexes,188,0,-1,Total,0,Not applicable,1,Model-based Estimates,3,Projection,1639364773
49,Total population by sex,Total population by sex,World Population Prospects,2022,United Nations Population Division,356,India,IN,IND,135,2084,4,Median,3,Both sexes,188,0,-1,Total,0,Not applicable,1,Model-based Estimates,3,Projection,1633888926
49,Total population by sex,Total population by sex,World Population Prospects,2022,United Nations Population Division,356,India,IN,IND,136,2085,4,Median,3,Both sexes,188,0,-1,Total,0,Not applicable,1,Model-based Estimates,3,Projection,1628242631
49,Total population by sex,Total population by sex,World Population Prospects,2022,United Nations Population Division,356,India,IN,IND,137,2086,4,Median,3,Both sexes,188,0,-1,Total,0,Not applicable,1,Model-based Estimates,3,Projection,1622427556
49,Total population by sex,Total population by sex,World Population Prospects,2022,United Nations Population Division,356,India,IN,IND,138,2087,4,Median,3,Both sexes,188,0,-1,Total,0,Not applicable,1,Model-based Estimates,3,Projection,1616451904
49,Total population by sex,Total population by sex,World Population Prospects,2022,United Nations Population Division,356,India,IN,IND,139,2088,4,Median,3,Both sexes,188,0,-1,Total,0,Not applicable,1,Model-based Estimates,3,Projection,1610366036
49,Total population by sex,Total population by sex,World Population Prospects,2022,United Nations Population Division,356,India,IN,IND,140,2089,4,Median,3,Both sexes,188,0,-1,Total,0,Not applicable,1,Model-based Estimates,3,Projection,1604195811
49,Total population by sex,Total population by sex,World Population Prospects,2022,United Nations Population Division,356,India,IN,IND,141,2090,4,Median,3,Both sexes,188,0,-1,Total,0,Not applicable,1,Model-based Estimates,3,Projection,1597908861
49,Total population by sex,Total population by sex,World Population Prospects,2022,United Nations Population Division,356,India,IN,IND,142,2091,4,Median,3,Both sexes,188,0,-1,Total,0,Not applicable,1,Model-based Estimates,3,Projection,1591484819
49,Total population by sex,Total population by sex,World Population Prospects,2022,United Nations Population Division,356,India,IN,IND,143,2092,4,Median,3,Both sexes,188,0,-1,Total,0,Not applicable,1,Model-based Estimates,3,Projection,1584943122
49,Total population by sex,Total population by sex,World Population Prospects,2022,United Nations Population Division,356,India,IN,IND,144,2093,4,Median,3,Both sexes,188,0,-1,Total,0,Not applicable,1,Model-based Estimates,3,Projection,1578296206
49,Total population by sex,Total population by sex,World Population Prospects,2022,United Nations Population Division,356,India,IN,IND,145,2094,4,Median,3,Both sexes,188,0,-1,Total,0,Not applicable,1,Model-based Estimates,3,Projection,1571569452
49,Total population by sex,Total population by sex,World Population Prospects,2022,United Nations Population Division,356,India,IN,IND,146,2095,4,Median,3,Both sexes,188,0,-1,Total,0,Not applicable,1,Model-based Estimates,3,Projection,1564797337
49,Total population by sex,Total population by sex,World Population Prospects,2022,United Nations Population Division,356,India,IN,IND,147,2096,4,Median,3,Both sexes,188,0,-1,Total,0,Not applicable,1,Model-based Estimates,3,Projection,1557945220
49,Total population by sex,Total population by sex,World Population Prospects,2022,United Nations Population Division,356,India,IN,IND,148,2097,4,Median,3,Both sexes,188,0,-1,Total,0,Not applicable,1,Model-based Estimates,3,Projection,1551000309
49,Total population by sex,Total population by sex,World Population Prospects,2022,United Nations Population Division,356,India,IN,IND,149,2098,4,Median,3,Both sexes,188,0,-1,Total,0,Not applicable,1,Model-based Estimates,3,Projection,1543990229
49,Total population by sex,Total population by sex,World Population Prospects,2022,United Nations Population Division,356,India,IN,IND,150,2099,4,Median,3,Both sexes,188,0,-1,Total,0,Not applicable,1,Model-based Estimates,3,Projection,1536933463
49,Total population by sex,Total population by sex,World Population Prospects,2022,United Nations Population Division,356,India,IN,IND,151,2100,4,Median,3,Both sexes,188,0,-1,Total,0,Not applicable,1,Model-based Estimates,3,Projection,1529850119